YB3erUPtx3U	Echoes of Tomorrow	156
Ko2Ev57QP-Q	Out of the Ashes	128
DzaZYdNC9NU	Breaking Free	135
PwyJ9Xm2zlw	Narcotic	43
7ysskARne9g	Carpathian Dawn	105
gE_kbGJFQeI	Stitches	97
W3YeYy9AnQM	Light My Way	117
2IycyF9C8Wc	R.E.S.T.a.R.T	98
imq277UFuE8	Positive Vibes	113
XRY4UfXkD1Y	Unstoppable	156
zBSUTUEVoPc	Concrete Sorrow	59
e2ifOaa-1Wk	Nitra Moje Mesto	105
Hwwc0Vjhh2c	Lightning in the Bottle	115
4OKpoWwJV5o	Melancholy	98
nM93f-OOJsc	Stay Awhile and Listen	183
LrFF9wNP6Wg	Klinika 8	90
oswetfBFC-E	Dopamine	92
VIHZIWYWNqw	Made of Stone	93
pZIhERN2LiY	Let the Music ...	96
KEc1oUDieBE	Whistle Fm	32
eYzTt3oc8bY	Eternal Flow	215
HJcmhpTo5us	Falling for You	127
y_cAYtYZeSo	My Heart Goes	95
0zWhfCHa9RU	Echoes of Tomorrow, Vol. 2	175
o-0IRWcwvU0	Cesta Domov	65
_HikEc6P9no	Hypnotized	104
G-mQmetFZpo	Sunset Groove	113
Zo9V4lVeVDU	Labyrinth of Life	71
faLGvdWXkjI	Crescendo at Dusk	43
Mr3DBZfwKDM	The Road Ahead	62
XolTlzLCbuI	Cez Doliny Cez Hory	51
rNxu0_DxtHs	Liquid Devotion	223
NQtA2hMAha4	Dreamin	181
p48LsPOChyg	Puzzle	50
hnSHf7-LXkQ	Inner Peace	161
F76FZXw0new	Through the Storm	39
dGf7BJaYRCQ	Quote Song	11
vzRAq9mH-Ag	Electric Storm	89
_f3lZiQjiMc	Spoveď	96
hGFkW9w2VdI	Rising Above	46
pf2VMPrtjT0	Healing the Soul	148
S06ASgANXUs	Echoes of Tomorrow	14
oJcPQxx2TEU	Olas De Alegría	96
vzDsfeKG1Mo	Let Me Go	260
qIUn72K6NOU	Can You Find Me Now	96
lemf-f5PHd8	Concrete Sorrow	144
_I4lCff-qzk	Breaking Through	130
fPDsn76fwbs	Melódia Nádeje	192
iU_jD6NUMkg	Desert of Absence	15
hprL_WEqnMY	S I N	151
qJB2L10vrXE	Broken Pieces	240
1DTksz8d3fw	Fire Moon	6
0sSc9mfdNq4	Blessing of the Twins	27
GcyhB8zXzjw	Searching for the Feeling	4
sqXZ6TPH8Aw	Face the Storm	51
emDBsGt0Qyw	Find Me	240
mWtrHcsj4eA	Beautiful Blues	1
tj7P2lC0rPk	Chillout on the Route	8
QetTfzN6lR0	Darkness	0
gC8CwtSmujg	Endlessness	0
eL2EBfsyBB0	Saxobass Beat	0
_HxxFjzEvRg	Sunset Reflection	0
9Ty6dhLc2jk	Neon Frenzy	0
p6wP0La8RU8	Never Know	0
rFwgVaOrkpg	Running Away	0
